Function / Call Stack,CPI Rate,CPU_CLK_UNHALTED.THREAD,CPU_CLK_UNHALTED.REF_TSC,INST_RETIRED.ANY,INST_RETIRED.PREC_DIST,OFFCORE_RESPONSE:request=DEMAND_RFO:response=L3_HIT.SNOOP_HITM,BR_MISP_RETIRED.ALL_BRANCHES_PS,CYCLE_ACTIVITY.STALLS_MEM_ANY,FRONTEND_RETIRED.DSB_MISS_PS,FRONTEND_RETIRED.L2_MISS_PS,FRONTEND_RETIRED.LATENCY_GE_16_PS,FRONTEND_RETIRED.LATENCY_GE_2_BUBBLES_GE_1_PS,FRONTEND_RETIRED.STLB_MISS_PS,MEM_INST_RETIRED.ALL_STORES_PS,MEM_INST_RETIRED.LOCK_LOADS_PS,MEM_INST_RETIRED.SPLIT_LOADS_PS,MEM_INST_RETIRED.SPLIT_STORES_PS,MEM_INST_RETIRED.STLB_MISS_LOADS_PS,MEM_INST_RETIRED.STLB_MISS_STORES_PS,MEM_LOAD_L3_HIT_RETIRED.XSNP_HITM_PS,MEM_LOAD_L3_HIT_RETIRED.XSNP_HIT_PS,MEM_LOAD_L3_HIT_RETIRED.XSNP_MISS_PS,MEM_LOAD_RETIRED.FB_HIT_PS,MEM_LOAD_RETIRED.L1_HIT_PS,MEM_LOAD_RETIRED.L1_MISS_PS,MEM_LOAD_RETIRED.L2_HIT_PS,MEM_LOAD_RETIRED.L3_HIT_PS,MEM_LOAD_RETIRED.L3_MISS_PS,ARITH.DIVIDER_ACTIVE,BACLEARS.ANY,CPU_CLK_UNHALTED.ONE_THREAD_ACTIVE,CPU_CLK_UNHALTED.REF_XCLK,CPU_CLK_UNHALTED.THREAD_P,CYCLE_ACTIVITY.STALLS_L1D_MISS,CYCLE_ACTIVITY.STALLS_L2_MISS,CYCLE_ACTIVITY.STALLS_L3_MISS,DSB2MITE_SWITCHES.PENALTY_CYCLES,DTLB_LOAD_MISSES.STLB_HIT,DTLB_LOAD_MISSES.WALK_ACTIVE,DTLB_STORE_MISSES.STLB_HIT,DTLB_STORE_MISSES.WALK_ACTIVE,EXE_ACTIVITY.1_PORTS_UTIL,EXE_ACTIVITY.2_PORTS_UTIL,EXE_ACTIVITY.BOUND_ON_STORES,EXE_ACTIVITY.EXE_BOUND_0_PORTS,FP_ARITH_INST_RETIRED.128B_PACKED_DOUBLE,FP_ARITH_INST_RETIRED.128B_PACKED_SINGLE,FP_ARITH_INST_RETIRED.256B_PACKED_DOUBLE,FP_ARITH_INST_RETIRED.256B_PACKED_SINGLE,FP_ARITH_INST_RETIRED.SCALAR_DOUBLE,FP_ARITH_INST_RETIRED.SCALAR_SINGLE,FP_ASSIST.ANY,ICACHE_16B.IFDATA_STALL,ICACHE_16B.IFDATA_STALL:cmask=1:e=yes,ICACHE_64B.IFTAG_STALL,IDQ.ALL_DSB_CYCLES_4_UOPS,IDQ.ALL_DSB_CYCLES_ANY_UOPS,IDQ.ALL_MITE_CYCLES_4_UOPS,IDQ.ALL_MITE_CYCLES_ANY_UOPS,IDQ.DSB_UOPS,IDQ.MITE_UOPS,IDQ.MS_SWITCHES,IDQ.MS_UOPS,IDQ_UOPS_NOT_DELIVERED.CORE,IDQ_UOPS_NOT_DELIVERED.CYCLES_0_UOPS_DELIV.CORE,ILD_STALL.LCP,INT_MISC.CLEAR_RESTEER_CYCLES,INT_MISC.RECOVERY_CYCLES,L1D_PEND_MISS.FB_FULL:cmask=1,L1D_PEND_MISS.PENDING,L2_RQSTS.RFO_HIT,LD_BLOCKS.NO_SR,LD_BLOCKS.STORE_FORWARD,LD_BLOCKS_PARTIAL.ADDRESS_ALIAS,LSD.CYCLES_4_UOPS,LSD.CYCLES_ACTIVE,LSD.UOPS,MACHINE_CLEARS.COUNT,OFFCORE_REQUESTS_BUFFER.SQ_FULL,OFFCORE_REQUESTS_OUTSTANDING.ALL_DATA_RD:cmask=4,OFFCORE_REQUESTS_OUTSTANDING.CYCLES_WITH_DATA_RD,OFFCORE_REQUESTS_OUTSTANDING.CYCLES_WITH_DEMAND_RFO,OTHER_ASSISTS.ANY,RS_EVENTS.EMPTY_CYCLES,RS_EVENTS.EMPTY_END,UOPS_DISPATCHED_PORT.PORT_0,UOPS_DISPATCHED_PORT.PORT_1,UOPS_DISPATCHED_PORT.PORT_2,UOPS_DISPATCHED_PORT.PORT_3,UOPS_DISPATCHED_PORT.PORT_4,UOPS_DISPATCHED_PORT.PORT_5,UOPS_DISPATCHED_PORT.PORT_6,UOPS_DISPATCHED_PORT.PORT_7,UOPS_EXECUTED.CORE_CYCLES_GE_1,UOPS_EXECUTED.CORE_CYCLES_GE_2,UOPS_EXECUTED.CORE_CYCLES_GE_3,UOPS_EXECUTED.CORE_CYCLES_NONE,UOPS_EXECUTED.THREAD,UOPS_EXECUTED.X87,UOPS_ISSUED.ANY,UOPS_RETIRED.RETIRE_SLOTS,VECTORIZABLE
s1111,0.627,21575000000,15925000000,34425000000,31460047190,0,0,1560002340,0,0,0,0,0,1820002730,0,0,0,0,0,0,0,0,13000390,2600003900,13000390,0,0,0,0,0,140442120,137841340,19500029250,0,0,0,0,0,0,91002730,0,5460008190,6760010140,0,0,0,12480018720,0,0,0,0,0,0,0,0,6240009360,6500009750,0,0,33020049530,0,0,0,0,0,0,0,0,0,0,442006630,0,0,312009360,0,0,0,0,0,1560002340,8580012870,780001170,0,0,0,8840013260,9360014040,5460008190,4680007020,5720008580,5460008190,1560002340,0,18200027300,13260019890,6500009750,1820002730,41340062010,0,30940046410,30680046020,Y
s1115,0.757,23325000000,16950000000,30825000000,28080042120,0,0,2600003900,0,0,0,0,0,1560002340,0,0,0,0,0,0,0,0,468014040,4680007020,2847085410,2704081120,169070980,0,0,0,158647580,156046800,22360033540,2340003510,780001170,0,0,520000780,26000780,0,0,5200007800,5980008970,0,260000390,0,0,0,0,0,9620014430,0,0,0,0,5200007800,7540011310,0,0,28080042120,0,0,0,260000390,0,0,0,260000390,0,61100091650,0,0,0,78002340,0,0,0,0,520000780,5460008190,14040021060,0,0,260000390,0,4680007020,4940007410,9360014040,9620014430,4680007020,7800011700,4160006240,0,18980028470,14040021060,8320012480,2600003900,44720067080,0,26000039000,26000039000,Y
s1119,0.561,25700000000,18425000000,45850000000,44200066300,0,0,1560002340,13000910,0,0,0,0,2600003900,0,0,0,0,0,0,0,0,13000390,11180016770,0,0,0,0,0,0,170351090,170351090,24960037440,0,0,0,0,0,0,39001170,0,2340003510,5720008580,0,260000390,0,0,0,0,0,9360014040,0,0,0,0,9360014040,9360014040,0,0,37180055770,0,0,0,0,0,0,0,0,0,0,494007410,0,0,0,0,0,0,0,0,520000780,8580012870,1560002340,0,0,0,4420006630,4680007020,13780020670,14040021060,9360014040,12740019110,5980008970,0,21840032760,19760029640,13780020670,1820002730,68380102570,0,39260058890,39260058890,Y
s114,0.803,15950000000,11925000000,19875000000,18980028470,0,0,1820002730,13000910,0,0,0,0,1300001950,0,0,0,0,0,0,0,0,1131033930,1560002340,2678080340,2600078000,78032760,0,0,0,104031200,104031200,14560021840,1820002730,780001170,0,0,0,0,39001170,0,3640005460,3640005460,0,0,0,0,0,0,0,4420006630,0,0,0,0,3120004680,4420006630,0,0,18980028470,0,0,0,260000390,0,0,0,0,4160006240,127660191490,260003900,0,0,0,0,0,0,0,1820002730,2340003510,10920016380,2080003120,0,0,0,2860004290,2860004290,6240009360,6500009750,5200007800,8580012870,2080003120,2860004290,14300021450,10400015600,6240009360,1820002730,34580051870,0,19500029250,18200027300,Y
s115,0.396,22475000000,16425000000,56750000000,53560080340,0,52001170,260000390,0,0,0,13000910,0,1820002730,0,0,0,0,0,0,0,0,1287038610,6240009360,169005070,169005070,0,0,0,0,143042900,149544850,20540030810,260000390,0,0,0,0,0,0,0,1300001950,5200007800,0,0,0,11440017160,0,0,0,780001170,0,0,0,0,10920016380,11960017940,0,0,51220076830,0,0,0,260000390,0,0,260000390,260000390,0,4680007020,0,0,0,1482044460,0,0,0,0,0,260000390,780001170,0,0,0,0,8060012090,8320012480,9360014040,9620014430,5980008970,16640024960,8320012480,0,20280030420,18980028470,13780020670,520000780,66040099060,0,49400074100,48360072540,Y
s116,0.421,64675000000,46475000000,153625000000,143260214890,0,0,520000780,0,0,0,0,0,6760010140,0,2561076830,1274038220,0,0,0,0,0,104003120,27300040950,0,0,0,0,0,0,418725580,418725580,60580090870,0,0,0,0,0,0,0,0,4940007410,11960017940,0,0,0,11960017940,0,0,0,11960017940,0,0,0,0,23920035880,23920035880,0,0,131560197340,0,0,0,260000390,0,0,0,0,0,260000390,0,0,0,0,0,0,0,0,0,0,520000780,0,0,0,0,12480018720,12220018330,31200046800,33280049920,24440036660,55900083850,30160045240,8580012870,60840091260,55900083850,43680065520,1040001560,205140307710,0,131820197730,131560197340,Y
s1161,0.545,20925000000,15500000000,38400000000,35880053820,0,0,1040001560,0,0,0,0,0,1040001560,0,0,0,0,0,0,0,0,26000780,4160006240,0,0,0,0,0,0,139141730,137841340,19500029250,0,0,0,0,0,0,0,0,4420006630,6240009360,0,0,0,5980008970,0,0,0,0,0,0,0,0,6240009360,6760010140,0,0,34840052260,0,0,0,260000390,0,0,0,0,0,260000390,0,0,0,1482044460,0,0,0,0,0,7800011700,16640024960,0,0,0,0,9100013650,9360014040,5460008190,5200007800,3120004680,10140015210,3120004680,0,18460027690,13780020670,7540011310,1040001560,44460066690,0,34060051090,34320051480,Y
s118,0.728,21000000000,15100000000,28850000000,28340042510,0,52001170,4160006240,0,0,0,13000910,0,0,0,0,0,0,0,0,0,0,78002340,2860004290,2769083070,2756082680,19508190,0,0,0,137841340,135240560,19240028860,3640005460,260000390,0,0,0,0,0,0,6240009360,3380005070,0,0,0,0,0,0,0,9360014040,0,0,0,0,5200007800,5460008190,0,0,26520039780,260000390,0,260000390,260000390,260000390,0,260000390,260000390,0,42380063570,0,0,0,13000390,0,0,0,0,0,0,1040001560,0,0,0,0,4680007020,5200007800,4680007020,4940007410,0,9100013650,5460008190,0,15600023400,9100013650,5720008580,3900005850,34840052260,0,26000039000,25480038220,N
s119,0.595,7300000000,5225000000,12275000000,9880014820,0,0,780001170,0,0,0,0,0,780001170,0,299008970,0,0,0,0,0,0,767023010,1820002730,104003120,91002730,19508190,0,0,0,45513650,48114430,7020010530,780001170,260000390,0,0,0,0,52001560,0,1040001560,1560002340,0,0,0,2600003900,0,0,0,260000390,0,0,0,0,2600003900,2600003900,0,0,10920016380,0,0,0,0,0,0,0,0,0,10140015210,442006630,0,0,0,0,0,0,0,1300001950,2860004290,5460008190,2600003900,0,0,0,1560002340,1300001950,4160006240,3900005850,2860004290,3380005070,1820002730,260000390,5720008580,4680007020,3380005070,780001170,15860023790,0,9100013650,9100013650,Y
s121,0.616,11100000000,7925000000,18025000000,16640024960,0,0,780001170,0,0,0,0,0,1300001950,0,637019110,0,0,0,0,0,0,2912087360,1040001560,936028080,858025740,71530030,0,0,0,72821840,71521450,10660015990,1040001560,260000390,0,0,0,0,13000390,0,1040001560,2080003120,0,0,0,4940007410,0,0,0,0,0,0,0,0,3380005070,3380005070,0,0,15600023400,0,0,0,0,0,0,0,0,0,24180036270,0,0,0,0,0,0,0,0,260000390,3640005460,5720008580,0,0,260000390,0,2340003510,2340003510,7020010530,6760010140,4420006630,5460008190,1820002730,0,9100013650,8060012090,6240009360,1300001950,29380044070,0,15860023790,15860023790,Y
s1213,1.186,12725000000,9475000000,10725000000,10140015210,0,0,2860004290,0,0,0,0,0,780001170,0,442013260,0,0,0,0,0,0,325009750,3380005070,13000390,13000390,0,0,0,0,85825740,91027300,11700017550,520000780,260000390,0,0,0,0,0,0,2860004290,3380005070,0,0,0,3120004680,0,0,0,0,0,0,0,26000390,2340003510,2600003900,0,0,9360014040,0,0,0,0,0,0,0,0,0,1560002340,104001560,0,1391041730,1339040170,0,0,0,0,0,4420006630,9360014040,260000390,0,0,0,2080003120,2080003120,4680007020,4680007020,3120004680,3900005850,260000390,0,9360014040,6240009360,3120004680,3380005070,19500029250,0,9880014820,9880014820,Y
s122,0.558,32150000000,23100000000,57650000000,53560080340,0,0,2600003900,0,0,0,0,0,1820002730,0,0,0,0,0,0,0,0,26000780,6760010140,13000390,13000390,0,0,0,0,208062400,206762010,30160045240,0,0,0,0,0,0,0,0,7800011700,6500009750,0,0,0,0,0,0,0,6240009360,0,0,0,0,6240009360,12480018720,0,0,49660074490,0,0,0,0,0,0,0,0,0,260000390,0,0,0,117003510,0,0,0,0,0,520000780,4420006630,0,0,0,0,3120004680,3120004680,8320012480,9100013650,5980008970,22360033540,13000019500,0,27040040560,19500029250,12740019110,2860004290,65260097890,0,47580071370,47580071370,Y
s123,0.934,44850000000,32300000000,48025000000,44980067470,0,0,10920016380,0,0,0,0,0,1560002340,0,0,0,0,0,0,0,0,0,7020010530,0,0,0,0,0,0,291287360,292587750,42120063180,260000390,0,0,0,0,0,13000390,0,11440017160,12740019110,0,0,0,0,0,0,0,8840013260,0,0,0,0,8580012870,9100013650,0,0,42120063180,0,0,0,0,0,0,0,0,0,0,338005070,0,0,143004290,0,0,0,0,0,2080003120,7020010530,520000780,0,0,0,5980008970,5980008970,11440017160,6760010140,5980008970,18200027300,5980008970,0,31200046800,19760029640,7020010530,10660015990,60060090090,0,41860062790,42120063180,N
s1232,3.147,41850000000,30050000000,13300000000,12480018720,0,52001170,28080042120,0,0,0,13000910,0,520000780,0,0,0,0,0,0,0,0,13000390,0,2678080340,793023790,1885791700,0,0,0,266579950,267880340,38220057330,27820041730,24180036270,0,0,1560002340,0,923027690,0,5460008190,3120004680,0,0,0,0,0,0,0,2340003510,0,0,0,0,1300001950,2860004290,260000390,0,12480018720,0,0,260000390,260000390,260000390,0,260000390,0,13260019890,236340354510,130001950,0,0,0,0,0,0,0,13000019500,27300040950,35360053040,21580032370,0,0,0,2080003120,2340003510,2860004290,3120004680,2600003900,3900005850,2340003510,1300001950,10400015600,4940007410,2080003120,28340042510,18200027300,0,11180016770,10920016380,Y
s124,0.639,11750000000,8450000000,18400000000,17160025740,0,0,780001170,0,0,0,0,0,520000780,0,0,0,0,0,0,0,0,13000390,3380005070,0,0,0,0,0,0,74122230,75422620,10920016380,0,260000390,0,0,0,0,13000390,0,2860004290,3380005070,0,0,0,2860004290,0,0,0,0,0,0,0,0,2860004290,2860004290,0,0,16380024570,0,0,0,0,0,0,0,0,0,0,338005070,0,0,1599047970,0,0,0,0,0,6760010140,11440017160,780001170,0,0,0,4680007020,4680007020,3640005460,3640005460,1560002340,4160006240,1560002340,0,10140015210,7280010920,3900005850,1040001560,23920035880,0,16380024570,16380024570,N
s1244,1.477,141675000000,104575000000,95900000000,89960134940,0,0,42900064350,13000910,0,0,0,0,3380005070,0,0,0,0,0,0,0,0,0,10140015210,0,0,0,0,0,0,941482360,940181970,133380200070,0,260000390,0,0,0,0,13000390,0,34320051480,25740038610,0,22360033540,0,0,0,0,0,35880053820,0,0,0,26000390,11960017940,17940026910,0,0,83980125970,260000390,0,260000390,0,0,0,0,0,0,0,338005070,0,0,0,0,0,0,0,0,1560002340,15080022620,520000780,0,260000390,0,19240028860,17160025740,13780020670,16380024570,12220018330,24180036270,12220018330,0,68900103350,34320051480,8580012870,63960095940,114400171600,0,83980125970,83720125580,N
s125,0.758,5950000000,4300000000,7850000000,7800011700,0,0,1040001560,0,0,0,0,0,520000780,0,0,0,0,0,0,0,0,741022230,1300001950,156004680,130003900,32513650,0,0,0,41612480,42912870,5980008970,520000780,260000390,0,0,0,0,13000390,0,1040001560,1560002340,0,0,0,2340003510,0,0,0,0,0,0,0,0,1040001560,1300001950,0,0,5720008580,0,0,0,0,0,0,0,0,0,6760010140,208003120,0,0,0,0,0,0,0,780001170,3640005460,4940007410,1040001560,0,0,0,1300001950,1300001950,2600003900,2600003900,1300001950,2080003120,1300001950,0,4940007410,3900005850,2340003510,780001170,12480018720,0,7280010920,7280010920,Y
s1251,0.663,36000000000,27075000000,54325000000,50960076440,0,0,4420006630,0,0,0,0,0,3380005070,0,0,0,0,0,0,0,0,6721201630,9100013650,1144034320,988029640,175573710,0,0,0,247074100,248374490,35100052650,3900005850,1560002340,0,0,0,0,13000390,0,3900005850,7800011700,0,260000390,0,18460027690,0,0,0,0,0,0,0,0,12220018330,11960017940,0,260000390,47580071370,0,0,260000390,0,0,0,0,0,520000780,78260117390,0,0,0,5746172380,0,0,0,0,7800011700,27820041730,32500048750,0,0,260000390,0,9360014040,9360014040,20800031200,21320031980,11700017550,14040021060,3900005850,0,29900044850,26000039000,18460027690,3640005460,89700134550,0,47840071760,47840071760,Y
s126,2.992,9200000000,6625000000,3075000000,2860004290,0,0,6240009360,0,0,0,0,0,0,0,0,0,0,0,0,0,0,273008190,260000390,26000780,13000390,19508190,0,0,0,58517550,58517550,8580012870,3380005070,5460008190,0,0,260000390,0,208006240,0,1040001560,780001170,0,0,0,0,0,0,0,1300001950,0,0,0,0,520000780,520000780,0,0,2600003900,0,0,0,0,0,0,0,0,2080003120,9100013650,208003120,0,0,5330159900,0,0,0,0,3900005850,4680007020,8060012090,6500009750,0,0,0,780001170,1040001560,780001170,780001170,520000780,780001170,520000780,260000390,2340003510,1300001950,520000780,6240009360,4160006240,0,2600003900,2600003900,N
s127,0.475,11025000000,7900000000,23225000000,22880034320,0,0,520000780,0,0,0,0,0,780001170,0,0,0,0,0,0,0,0,221006630,3120004680,52001560,39001170,6502730,0,0,0,66319890,66319890,9620014430,260000390,0,0,0,0,0,52001560,0,1300001950,2080003120,0,0,0,5460008190,0,0,0,0,0,0,0,26000390,3640005460,4420006630,0,260000390,22100033150,0,0,0,0,0,0,0,0,0,2860004290,546008190,0,0,390011700,0,0,0,0,1040001560,5980008970,10140015210,2600003900,0,0,0,7020010530,6760010140,4680007020,4680007020,3120004680,3640005460,1560002340,0,10400015600,8840013260,6500009750,520000780,31200046800,0,21840032760,21840032760,Y
s1279,0.522,9625000000,6950000000,18425000000,18200027300,0,0,260000390,0,0,0,0,0,520000780,0,0,0,0,0,0,0,0,520015600,3640005460,143004290,143004290,19508190,0,0,0,59817940,58517550,8320012480,260000390,0,0,0,0,0,0,0,1040001560,2080003120,0,0,0,2860004290,0,0,0,0,0,0,0,0,2340003510,3380005070,0,0,16380024570,0,0,0,0,0,0,0,0,0,5720008580,0,0,0,0,0,0,0,0,520000780,6760010140,9360014040,0,0,0,0,3900005850,4420006630,4680007020,4940007410,1560002340,5720008580,1560002340,0,9360014040,7800011700,5460008190,520000780,26780040170,0,18980028470,18980028470,Y
s128,0.406,20775000000,15225000000,51225000000,47580071370,0,0,780001170,0,0,0,0,0,3380005070,0,0,0,0,0,0,0,0,1534046020,8320012480,338010140,312009360,19508190,0,0,0,139141730,140442120,20020030030,520000780,260000390,0,0,0,0,13000390,0,1040001560,2340003510,0,0,0,0,0,0,0,11960017940,0,0,0,0,9100013650,8840013260,0,0,45240067860,0,0,260000390,0,0,0,0,0,0,8060012090,312004680,0,0,5369161070,0,0,0,0,0,6240009360,12740019110,520000780,0,260000390,0,6240009360,6240009360,11960017940,12220018330,11960017940,15080022620,5720008580,5460008190,18460027690,17680026520,15080022620,1040001560,74880112320,0,44980067470,44720067080,Y
s1281,0.672,49500000000,36100000000,73650000000,68640102960,0,0,4160006240,0,0,0,0,0,3380005070,0,0,0,0,0,0,0,0,1469044070,15340023010,403012090,364010920,32513650,0,0,0,326397890,325097500,46800070200,1300001950,260000390,0,0,0,0,0,0,7280010920,15340023010,0,0,0,30160045240,0,0,0,0,0,0,0,0,10920016380,15080022620,0,0,66040099060,0,0,0,0,0,0,0,0,0,12220018330,0,0,0,5798173940,0,0,0,0,260000390,31200046800,44980067470,0,0,0,0,16380024570,16380024570,19760029640,21840032760,11960017940,18460027690,5980008970,0,41600062400,34320051480,18980028470,4680007020,107640161460,0,66040099060,66040099060,Y
s131,0.609,18300000000,13475000000,30050000000,28600042900,0,0,1560002340,0,0,0,0,0,2080003120,0,1066031980,0,0,0,0,0,0,4927147810,2080003120,1560046800,1456043680,117049140,0,0,0,123537050,122236660,17420026130,1820002730,1040001560,0,0,0,0,0,0,1560002340,3380005070,0,0,0,7540011310,0,0,0,0,0,0,0,0,3900005850,7540011310,0,0,26520039780,0,0,0,260000390,0,0,0,0,0,40820061230,0,0,0,13000390,0,0,0,0,260000390,6240009360,9360014040,0,0,0,0,3640005460,3900005850,11180016770,11440017160,7280010920,8840013260,2600003900,0,15340023010,13520020280,10400015600,1820002730,49140073710,0,26780040170,26520039780,Y
s13110,1.511,5325000000,3800000000,3525000000,2860004290,0,0,2340003510,0,0,0,0,0,0,0,0,0,0,0,0,0,0,156004680,520000780,0,0,0,0,0,0,41612480,37711310,5460008190,520000780,0,0,0,0,0,0,0,1300001950,780001170,0,260000390,0,1300001950,0,0,0,0,0,0,0,0,780001170,780001170,0,0,3120004680,0,0,0,260000390,0,0,0,0,0,520000780,0,0,0,0,0,0,0,0,0,0,260000390,0,0,0,0,520000780,520000780,520000780,520000780,0,260000390,520000780,0,1820002730,520000780,260000390,2600003900,2600003900,0,2600003900,2860004290,Y
s132,0.394,14225000000,10375000000,36125000000,34580051870,0,0,0,13000910,0,0,0,0,1820002730,0,702021060,0,0,0,0,0,0,0,6240009360,0,0,0,0,0,0,92327690,96228860,12740019110,0,0,0,0,0,0,0,0,520000780,3120004680,0,0,0,9100013650,0,0,0,1040001560,0,0,0,0,4940007410,7540011310,0,0,29900044850,0,0,0,0,0,0,0,0,0,0,0,0,0,494014820,0,0,0,0,0,0,0,0,0,0,0,4940007410,5460008190,7800011700,7800011700,5720008580,11700017550,3900005850,780001170,13260019890,13000019500,9880014820,0,48100072150,0,32240048360,32500048750,Y
s1351,0.807,38800000000,28875000000,48050000000,45240067860,0,0,9620014430,0,0,0,0,0,3380005070,0,0,0,0,0,0,0,0,10049301470,780001170,2730081900,2210066300,507212940,0,0,0,252275660,250975270,35100052650,9100013650,4420006630,260000390,0,260000390,0,182005460,0,5720008580,8060012090,0,0,0,12220018330,0,0,0,0,0,0,0,0,9100013650,9100013650,0,0,42640063960,0,0,0,260000390,0,0,0,0,2600003900,139100208650,1898028470,0,0,0,0,0,0,0,8840013260,20800031200,30680046020,10920016380,0,0,0,8320012480,8320012480,17940026910,18460027690,12220018330,1040001560,4940007410,0,27040040560,20800031200,12480018720,9100013650,66300099450,0,42120063180,42120063180,Y
s141,0.523,17975000000,13300000000,34400000000,31200046800,0,52001170,2340003510,0,0,0,0,0,1300001950,0,0,0,0,0,0,0,0,26000780,2600003900,3198095940,2938088140,247103740,0,0,0,128738610,128738610,18200027300,2080003120,1820002730,0,0,3380005070,0,1157034710,0,2340003510,3640005460,0,0,0,0,0,0,0,4680007020,0,0,0,0,5200007800,7800011700,0,0,31460047190,0,0,0,520000780,0,0,260000390,260000390,520000780,88140132210,0,0,0,26000780,0,0,0,0,520000780,2600003900,9360014040,0,0,0,0,3380005070,6500009750,7020010530,6760010140,4420006630,9620014430,4420006630,0,14300021450,11960017940,8580012870,1820002730,42900064350,0,29640044460,28860043290,N
s1421,0.679,16325000000,12450000000,24050000000,23140034710,0,0,1820002730,0,0,0,0,0,1820002730,0,0,0,0,0,0,0,0,4719141570,780001170,1456043680,1378041340,52021840,0,0,0,104031200,105331590,14560021840,1560002340,520000780,260000390,0,0,0,0,0,2860004290,4160006240,0,0,0,5720008580,0,0,0,0,0,0,0,0,4680007020,4680007020,0,0,21580032370,0,0,0,260000390,0,0,0,0,0,33800050700,312004680,0,0,0,0,0,0,0,260000390,3380005070,5460008190,1560002340,0,0,0,5460008190,5200007800,8840013260,9100013650,5980008970,780001170,2600003900,0,13520020280,10660015990,6500009750,1820002730,33540050310,0,21580032370,21580032370,Y
s151,0.62,18625000000,13550000000,30050000000,28080042120,0,0,2080003120,0,0,0,0,0,2340003510,0,1118033540,0,0,0,0,0,0,5018150540,1820002730,1586047580,1456043680,110546410,0,0,0,119635880,115734710,16640024960,1820002730,1300001950,0,0,0,0,13000390,0,1560002340,3380005070,0,0,0,7280010920,0,0,0,0,0,0,0,0,3900005850,7280010920,0,0,27040040560,0,0,0,0,0,0,0,0,0,42120063180,0,0,0,0,0,0,0,0,520000780,6500009750,9880014820,0,0,0,0,3900005850,3900005850,11180016770,11180016770,7540011310,8840013260,2600003900,0,15340023010,13780020670,10400015600,2080003120,48620072930,0,26000039000,26520039780,Y
s152,0.782,9700000000,7200000000,12400000000,11440017160,0,0,1560002340,0,0,0,0,0,780001170,0,0,0,0,0,0,0,0,2340070200,780001170,260007800,234007020,32513650,0,0,0,71521450,74122230,10660015990,1560002340,520000780,0,0,0,0,26000780,0,1560002340,2340003510,260000390,0,0,4680007020,0,0,0,0,0,0,0,0,2080003120,2340003510,0,0,10920016380,0,0,0,0,0,0,0,0,0,17680026520,286004290,0,0,1391041730,0,0,0,0,1560002340,5720008580,8060012090,1300001950,0,0,0,2080003120,2340003510,4160006240,4680007020,2860004290,3900005850,520000780,0,7540011310,5980008970,3900005850,1560002340,20020030030,0,11180016770,11180016770,Y
s161,0.959,30700000000,22525000000,32025000000,30160045240,0,0,8060012090,0,0,0,0,0,780001170,0,0,0,0,0,0,0,0,0,5980008970,13000390,0,0,0,0,0,200260060,201560450,28340042510,0,0,0,0,0,0,0,0,8580012870,5720008580,0,0,0,0,0,0,0,6240009360,0,0,0,0,5980008970,7800011700,0,260000390,30160045240,0,0,0,0,0,0,0,0,0,0,0,0,0,0,0,0,0,0,0,3640005460,8320012480,0,0,260000390,0,6240009360,3120004680,6760010140,6760010140,3120004680,7020010530,7540011310,0,20800031200,11960017940,5980008970,8580012870,40560060840,0,30160045240,30160045240,N
s162,0.818,28825000000,21025000000,35225000000,33020049530,0,0,2600003900,13000910,0,0,0,0,1560002340,0,0,0,0,0,0,0,0,0,10400015600,0,0,0,0,0,0,188556550,188556550,27300040950,0,0,0,0,0,0,0,0,7020010530,8580012870,0,0,0,0,0,0,0,11960017940,0,0,0,0,5980008970,7280010920,0,0,29900044850,0,0,260000390,0,0,0,0,0,0,0,0,0,0,0,0,0,0,0,0,2340003510,11440017160,0,0,0,0,5980008970,6240009360,12740019110,11440017160,5980008970,7540011310,4420006630,0,24700037050,17420026130,9100013650,2860004290,54600081900,0,30420045630,30160045240,Y
s171,0.716,32075000000,23100000000,44800000000,42640063960,0,0,6240009360,0,0,0,0,0,1820002730,0,0,0,0,0,0,0,0,0,6760010140,0,0,0,0,0,0,209362790,209362790,30160045240,0,0,0,260000390,0,0,0,0,6240009360,8320012480,0,0,0,0,0,0,0,5980008970,0,0,0,26000390,5980008970,5980008970,0,0,36400054600,0,0,0,0,0,0,0,0,0,0,0,0,0,0,0,0,0,0,0,260000390,4940007410,0,0,0,0,3120004680,2860004290,8840013260,9100013650,5980008970,15340023010,9100013650,0,23920035880,17940026910,9360014040,6240009360,54340081510,0,35880053820,36400054600,Y
s172,0.629,32225000000,23475000000,51225000000,47580071370,0,0,4420006630,0,0,0,0,0,1820002730,0,0,0,0,0,0,0,0,13000390,7020010530,0,0,0,0,0,0,213263960,213263960,29380044070,0,0,0,0,0,0,0,0,7020010530,7800011700,0,0,0,0,0,0,0,5980008970,0,0,0,0,5980008970,8840013260,0,0,41860062790,0,0,0,0,0,0,0,0,0,0,0,0,0,0,0,0,0,0,0,260000390,4940007410,0,0,260000390,0,3120004680,3120004680,9100013650,8840013260,5980008970,17160025740,12480018720,0,25220037830,18460027690,10660015990,4420006630,59800089700,0,41860062790,41340062010,Y
s173,0.593,17800000000,12925000000,30000000000,27820041730,0,0,1040001560,0,0,0,0,0,2080003120,0,0,0,0,0,0,0,0,6318189540,520000780,1950058500,1924057720,26010920,0,0,0,120936270,123537050,17420026130,1300001950,0,260000390,0,0,0,0,0,1300001950,3380005070,0,0,0,7800011700,0,0,0,0,0,0,0,0,5460008190,5460008190,0,0,26000039000,0,0,0,0,0,0,0,0,260000390,36920055380,78001170,0,0,13000390,0,0,0,0,0,1300001950,2600003900,520000780,0,0,0,3640005460,3640005460,10920016380,10920016380,7280010920,8060012090,2860004290,0,15080022620,13260019890,10140015210,1040001560,47320070980,0,26000039000,26000039000,Y
s174,0.592,17800000000,12900000000,30050000000,27300040950,0,0,1040001560,0,0,0,0,0,2080003120,0,0,0,0,0,0,0,0,6084182520,780001170,1885056550,1859055770,26010920,0,0,0,114434320,115734710,16380024570,1300001950,260000390,0,0,0,0,0,0,1560002340,3380005070,0,0,0,7540011310,0,0,0,0,0,0,0,0,6240009360,6240009360,0,0,27820041730,0,0,0,0,0,0,0,0,0,38480057720,52000780,0,0,13000390,0,0,0,0,0,1300001950,2600003900,520000780,0,0,0,3640005460,3640005460,10920016380,10920016380,7280010920,8060012090,2860004290,0,14820022230,13520020280,10140015210,1300001950,47320070980,0,25480038220,25480038220,Y
s175,0.835,32050000000,23375000000,38400000000,36140054210,0,0,7540011310,0,0,0,0,0,1820002730,0,0,0,0,0,0,0,0,13000390,6760010140,0,0,0,0,0,0,213263960,209362790,30420045630,260000390,0,0,0,0,0,13000390,0,6500009750,9100013650,0,260000390,0,0,0,0,0,5980008970,0,0,0,0,5720008580,5720008580,0,260000390,29120043680,0,0,260000390,260000390,0,0,0,0,0,0,0,0,0,0,0,0,0,0,0,520000780,4940007410,0,0,0,0,3120004680,3120004680,9100013650,9100013650,6240009360,9620014430,8840013260,0,23140034710,16120024180,7020010530,7280010920,48620072930,0,29900044850,30420045630,N
s176,0.476,3650000000,2700000000,7675000000,7280010920,0,0,260000390,0,0,0,0,0,260000390,0,156004680,0,0,0,0,0,0,1079032370,520000780,195005850,182005460,0,0,0,0,24707410,24707410,3640005460,0,0,0,0,0,0,0,0,520000780,520000780,0,0,0,2340003510,0,0,0,0,0,0,0,0,1040001560,1560002340,0,0,7020010530,0,0,0,0,0,0,0,0,0,5720008580,0,0,0,130003900,0,0,0,0,0,0,520000780,0,0,0,0,1560002340,1560002340,2340003510,2080003120,1300001950,1560002340,780001170,0,3380005070,3120004680,2600003900,0,11440017160,0,7020010530,6760010140,Y
s2101,0.935,2900000000,2075000000,3100000000,2340003510,0,0,520000780,0,0,0,0,0,260000390,0,0,0,0,0,0,0,0,13000390,260000390,754022620,741022230,6502730,0,0,0,22106630,23407020,3380005070,1040001560,0,0,0,780001170,0,338010140,0,780001170,780001170,0,0,0,0,0,0,0,1300001950,0,0,0,0,520000780,780001170,0,0,2600003900,0,0,0,0,0,0,0,0,520000780,15600023400,0,0,0,0,0,0,0,0,0,0,780001170,0,0,0,0,260000390,260000390,780001170,780001170,520000780,780001170,520000780,0,1820002730,1300001950,780001170,780001170,3900005850,0,2340003510,2340003510,Y
s2102,1,75000000,100000000,75000000,0,0,0,0,0,0,0,0,0,0,0,0,0,0,0,0,0,0,0,0,0,0,0,0,0,0,0,1300390,520000780,0,0,0,0,0,0,0,0,0,0,260000390,0,0,0,0,0,0,0,0,0,0,0,0,0,0,0,0,0,0,0,0,0,0,0,0,0,0,0,0,0,0,0,0,0,0,0,0,0,0,0,0,0,0,0,0,260000390,0,0,0,0,260000390,0,0,0,0,0,0,0,Y
s211,0.688,12675000000,9425000000,18425000000,16900025350,0,0,1560002340,0,0,0,0,0,780001170,0,416012480,0,0,0,0,0,0,2795083850,1820002730,338010140,299008970,39016380,0,0,0,81924570,81924570,11440017160,1560002340,780001170,0,0,0,0,13000390,0,1300001950,2600003900,0,0,0,5980008970,0,0,0,0,0,0,0,0,3120004680,3900005850,0,0,17680026520,0,0,0,0,0,0,0,0,0,30420045630,312004680,0,0,1560046800,0,0,0,0,1560002340,8320012480,11180016770,1560002340,0,0,0,3120004680,3120004680,5720008580,5980008970,3120004680,7020010530,1040001560,0,9620014430,8320012480,5720008580,1820002730,27560041340,0,16120024180,16120024180,Y
s2111,1.289,29550000000,22100000000,22925000000,21320031980,0,0,11440017160,0,0,0,0,0,1300001950,0,0,0,0,0,0,0,0,0,3900005850,0,0,0,0,0,0,192457720,196358890,27820041730,0,0,0,0,0,0,0,0,9100013650,4160006240,0,0,0,0,0,0,0,4680007020,0,0,0,0,4940007410,4940007410,0,0,19760029640,0,0,0,260000390,0,0,0,0,0,0,0,0,0,0,0,0,0,0,0,260000390,780001170,0,0,0,0,2860004290,2860004290,6240009360,5720008580,4940007410,1820002730,2860004290,0,16380024570,7020010530,2600003900,12480018720,26000039000,0,19240028860,19240028860,N
s212,0.732,9950000000,7400000000,13600000000,12740019110,0,0,1820002730,13000910,0,0,0,0,1040001560,0,221006630,0,0,0,0,0,0,3081092430,520000780,546016380,468014040,78032760,0,0,0,66319890,63719110,9360014040,1560002340,780001170,0,0,0,0,13000390,0,1300001950,1820002730,0,0,0,4680007020,0,0,0,0,0,0,0,0,2340003510,2860004290,0,0,11960017940,0,0,0,0,0,0,0,0,0,25480038220,0,0,0,0,0,0,0,0,1040001560,6500009750,9100013650,0,0,260000390,0,2340003510,2340003510,5200007800,5200007800,2860004290,3380005070,1040001560,0,7540011310,6500009750,4420006630,1820002730,22360033540,0,11960017940,12220018330,Y
s221,1.866,39975000000,29525000000,21425000000,20280030420,0,0,19500029250,0,0,0,0,0,1040001560,0,0,0,0,0,0,0,0,676020280,4680007020,65001950,65001950,13005460,0,0,0,262678780,257477220,36400054600,520000780,260000390,0,0,0,0,0,0,9620014430,4680007020,0,0,0,1300001950,0,0,0,5720008580,0,0,0,0,3380005070,4160006240,0,0,18460027690,0,0,0,0,0,0,0,0,0,7020010530,0,0,0,741022230,0,0,0,0,520000780,2600003900,9100013650,0,0,0,0,3900005850,3900005850,6240009360,7280010920,3900005850,4420006630,2860004290,0,18200027300,8580012870,3640005460,19500029250,32500048750,0,18720028080,18720028080,Y
s222,1.403,29775000000,21500000000,21225000000,19500029250,0,0,13000019500,0,0,0,0,0,1300001950,0,0,0,0,0,0,0,0,1456043680,1820002730,234007020,195005850,32513650,0,0,0,191157330,191157330,27820041730,780001170,520000780,0,0,260000390,0,0,0,5980008970,5460008190,0,0,0,2860004290,0,0,0,3120004680,0,0,0,0,2860004290,4940007410,0,0,18200027300,0,0,0,0,0,0,0,0,0,16640024960,0,0,0,0,0,0,0,0,520000780,4160006240,7540011310,0,0,0,0,2860004290,2860004290,5200007800,5460008190,4420006630,4680007020,2860004290,0,14560021840,8580012870,3120004680,13260019890,28600042900,0,17940026910,17940026910,Y
s2233,0.57,7000000000,5300000000,12275000000,11180016770,0,0,1040001560,0,0,0,0,0,780001170,0,0,0,0,0,0,0,0,858025740,1820002730,156004680,117003510,26010920,0,0,0,49414820,48114430,6760010140,520000780,0,0,0,0,0,39001170,0,780001170,1820002730,0,0,0,2600003900,0,0,0,260000390,0,0,0,0,2600003900,2600003900,0,0,10920016380,0,0,0,0,0,0,0,0,0,8840013260,416006240,0,0,0,0,0,0,0,780001170,2600003900,5200007800,1820002730,0,0,0,1300001950,1300001950,3900005850,3640005460,2340003510,3120004680,1820002730,260000390,5720008580,4940007410,3380005070,780001170,17420026130,0,9880014820,9880014820,Y
s2244,0.658,8175000000,5950000000,12425000000,12480018720,0,0,520000780,0,0,0,0,0,780001170,0,0,234007020,0,0,0,0,0,1833054990,520000780,364010920,325009750,32513650,0,0,0,57217160,57217160,8060012090,520000780,260000390,0,0,0,0,26000780,0,1040001560,2340003510,0,0,0,2860004290,0,0,0,0,0,0,0,0,2080003120,2340003510,0,0,10400015600,0,0,0,0,0,0,260000390,0,0,9880014820,260003900,0,0,0,0,0,0,0,260000390,4160006240,6760010140,1040001560,0,260000390,0,1560002340,1560002340,3900005850,3900005850,3120004680,5720008580,260000390,0,7800011700,6760010140,3900005850,520000780,20540030810,0,12220018330,11960017940,Y
s2251,1.536,63150000000,46925000000,41100000000,39000058500,0,0,22100033150,0,0,0,0,0,2080003120,0,0,0,0,0,0,0,0,1274038220,10400015600,338010140,247007410,78032760,0,0,0,422626750,422626750,59540089310,1560002340,1040001560,0,0,0,0,39001170,0,17420026130,13260019890,0,260000390,0,1300001950,0,0,0,11700017550,0,0,0,26000390,7020010530,7020010530,0,0,35360053040,260000390,0,0,0,0,0,0,0,260000390,18980028470,624009360,0,0,0,0,0,0,0,1560002340,5980008970,17680026520,2340003510,0,260000390,0,7020010530,6760010140,14560021840,14040021060,7540011310,8580012870,5720008580,0,36660054990,19240028860,5720008580,22880034320,64480096720,0,35880053820,35620053430,Y
s2275,0.777,4700000000,3475000000,6050000000,5980008970,0,0,780001170,0,0,0,0,0,260000390,0,0,0,0,0,0,0,0,1417042510,260000390,234007020,208006240,39016380,0,0,0,31209360,31209360,4420006630,780001170,780001170,0,0,0,0,0,0,780001170,780001170,0,0,0,2340003510,0,0,0,0,0,0,0,0,780001170,1040001560,0,0,5200007800,0,0,0,0,0,0,0,0,0,13780020670,26000390,0,0,0,0,0,0,0,780001170,2860004290,3900005850,260000390,0,0,0,1300001950,1300001950,2340003510,2340003510,1300001950,1300001950,520000780,0,3640005460,2860004290,2340003510,1040001560,10400015600,0,5460008190,5720008580,Y
s231,0.557,12775000000,9200000000,22950000000,21840032760,0,0,1040001560,0,0,0,0,0,1300001950,0,0,0,0,0,0,0,0,0,5460008190,0,0,0,0,0,0,83224960,84525350,11960017940,0,0,0,0,0,0,26000780,0,1300001950,2600003900,0,0,0,0,0,0,0,4680007020,0,0,0,0,2340003510,4940007410,0,0,19500029250,0,0,0,0,0,0,0,0,0,0,260003900,0,0,0,0,0,0,0,0,0,4160006240,520000780,0,0,0,2600003900,2600003900,7280010920,7020010530,4940007410,6500009750,3120004680,0,11180016770,9620014430,7020010530,1040001560,33540050310,0,19500029250,19500029250,Y
s232,2.215,29350000000,21100000000,13250000000,12480018720,0,0,16120024180,0,0,0,0,0,780001170,0,0,0,0,0,0,0,0,78002340,2080003120,26000780,13000390,6502730,0,0,0,193758110,192457720,28080042120,260000390,260000390,0,0,0,0,0,0,7540011310,3120004680,0,0,0,0,0,0,0,4680007020,0,0,0,0,2600003900,2600003900,0,0,11960017940,0,0,0,260000390,0,0,0,260000390,0,780001170,78001170,0,0,0,0,0,0,0,0,780001170,3640005460,260000390,0,260000390,0,2340003510,2340003510,3120004680,3120004680,2340003510,1820002730,2080003120,0,11700017550,4420006630,1040001560,16120024180,17420026130,0,11440017160,10920016380,N
s233,1.431,41700000000,30075000000,29150000000,27560041340,0,0,17680026520,0,0,0,0,0,1820002730,0,0,0,0,0,0,0,0,429012870,5200007800,65001950,52001560,13005460,0,0,0,276983070,274382290,40040060060,260000390,260000390,0,0,0,0,26000780,0,9100013650,7280010920,260000390,0,0,1040001560,0,0,0,4940007410,0,0,0,0,3900005850,6240009360,0,260000390,24960037440,0,0,0,260000390,0,0,0,260000390,0,4160006240,208003120,0,0,0,0,0,0,0,260000390,2080003120,9620014430,1040001560,0,260000390,0,3120004680,3120004680,8580012870,7020010530,5980008970,7020010530,4940007410,0,21580032370,12220018330,4680007020,17680026520,40820061230,0,24700037050,24700037050,Y
s235,0.733,11475000000,8425000000,15650000000,14560021840,0,0,1300001950,0,0,0,0,0,780001170,0,0,0,0,0,0,0,0,65001950,3900005850,0,0,6502730,0,0,0,72821840,71521450,10400015600,0,0,0,0,0,0,39001170,0,2600003900,2600003900,0,0,0,4940007410,0,0,0,0,0,0,0,0,2340003510,2600003900,0,0,13780020670,0,0,0,0,0,0,0,0,0,520000780,494007410,0,0,0,0,0,0,0,0,2860004290,5460008190,1820002730,0,0,0,2340003510,2340003510,4420006630,4680007020,2340003510,3640005460,2080003120,0,9360014040,7020010530,4420006630,1040001560,22360033540,0,13000019500,13260019890,Y
s241,1.424,218500000000,161900000000,153475000000,144820217230,0,0,70980106470,0,0,0,0,0,6500009750,0,0,0,0,0,0,0,0,13000390,27300040950,13000390,26000780,0,0,0,13000390,1452535630,1459037580,203580305370,260000390,260000390,0,0,260000390,0,0,0,61880092820,41340062010,0,18200027300,0,0,0,0,0,47840071760,0,0,0,0,24180036270,24180036270,0,0,131560197340,0,0,0,260000390,0,0,0,0,0,260000390,0,0,0,0,0,0,0,0,0,8580012870,32500048750,0,0,260000390,0,24180036270,23920035880,36140054210,36400054600,24180036270,42640063960,18200027300,0,121160181740,59540089310,17420026130,83460125190,205400308100,0,133640200460,132860199290,N
s242,2.881,23050000000,17150000000,8000000000,7280010920,0,0,12220018330,0,0,0,13000910,0,520000780,0,0,0,0,0,0,0,0,0,2340003510,0,0,0,0,0,0,157347190,157347190,21840032760,0,0,0,0,0,0,0,0,5460008190,2600003900,0,0,0,0,0,0,0,4940007410,0,0,0,26000390,1300001950,1300001950,0,0,7280010920,0,0,0,0,0,0,0,0,0,0,0,0,0,0,0,0,0,0,0,1040001560,3380005070,0,0,260000390,0,2340003510,2340003510,1820002730,2600003900,1300001950,520000780,780001170,780001170,8580012870,3120004680,520000780,13000019500,12480018720,0,7280010920,7020010530,N
s243,1.315,109375000000,82625000000,83175000000,78260117390,0,0,31460047190,0,0,0,0,0,3380005070,0,0,0,0,0,0,0,0,0,17420026130,0,0,0,0,0,0,746423860,749024640,104260156390,0,0,0,0,0,0,0,0,31980047970,22880034320,0,5460008190,0,0,0,0,0,29640044460,0,0,0,26000390,11960017940,15080022620,0,0,71760107640,0,0,260000390,260000390,0,0,0,0,0,0,0,0,0,0,0,0,0,0,0,6500009750,20540030810,0,0,0,0,16380024570,13780020670,26000039000,15860023790,11960017940,21580032370,8580012870,0,66560099840,34580051870,11960017940,35100052650,114140171210,0,71760107640,72280108420,N
s244,0.631,64600000000,48050000000,102425000000,95940143910,0,0,6760010140,0,0,0,0,0,5200007800,0,0,0,0,0,0,0,0,13000390,13520020280,26000780,13000390,6502730,0,0,0,426527920,427828310,59540089310,0,0,0,0,0,0,0,0,14040021060,16640024960,0,0,0,0,0,0,0,30160045240,0,0,0,0,12220018330,17940026910,0,0,90220135330,0,0,0,260000390,0,0,0,0,0,0,0,0,0,0,0,0,0,13000390,0,3640005460,16120024180,0,0,260000390,0,15340023010,15860023790,21060031590,21320031980,17940026910,29380044070,11960017940,0,53040079560,39260058890,22620033930,7280010920,132080198120,0,90220135330,90220135330,N
s251,0.768,28300000000,20775000000,36825000000,34840052260,0,0,4420006630,0,0,0,0,0,1820002730,0,0,0,0,0,0,0,0,7215216450,2600003900,429012870,364010920,58524570,0,0,0,180754210,182054600,25480038220,3640005460,1300001950,0,0,0,0,91002730,0,4940007410,4420006630,0,0,0,18200027300,0,0,0,0,0,0,0,0,5980008970,7800011700,0,0,33540050310,0,0,0,260000390,0,0,0,0,260000390,50440075660,1144017160,0,0,5824174720,0,0,0,0,3900005850,17940026910,25220037830,6760010140,0,0,0,9100013650,9100013650,11960017940,11960017940,5980008970,7280010920,1820002730,0,22360033540,17160025740,12480018720,4420006630,57460086190,0,33280049920,33280049920,Y
s252,1.643,57900000000,43150000000,35250000000,32760049140,0,0,21060031590,0,0,0,0,0,1820002730,0,0,0,0,0,0,0,0,0,6760010140,0,0,0,0,0,0,383615050,387516220,52520078780,0,0,0,0,0,0,13000390,0,20540030810,9880014820,0,2080003120,0,0,0,0,0,11960017940,0,0,0,0,5980008970,6240009360,0,260000390,30160045240,0,0,0,260000390,0,0,0,0,0,0,312004680,0,0,0,0,0,0,0,0,1300001950,8840013260,520000780,0,0,0,5980008970,6240009360,11960017940,6240009360,5980008970,7280010920,4160006240,0,32500048750,12480018720,2860004290,21060031590,47840071760,0,30160045240,29900044850,N
s253,0.487,14000000000,10650000000,28775000000,26520039780,0,0,260000390,0,0,0,0,0,780001170,0,0,0,0,0,0,0,0,208006240,3120004680,0,0,0,0,0,0,92327690,88426520,13260019890,260000390,0,0,0,0,0,0,0,2340003510,3640005460,0,0,0,4420006630,0,0,0,0,0,0,0,0,4680007020,4940007410,0,0,26780040170,0,0,0,0,0,0,0,0,0,780001170,0,0,0,1495044850,0,0,0,0,0,5460008190,12740019110,0,0,260000390,0,6500009750,6500009750,4420006630,4680007020,3120004680,7540011310,3120004680,0,12740019110,9620014430,6240009360,260000390,34320051480,0,25220037830,24700037050,Y
s254,0.489,19575000000,14725000000,40050000000,38220057330,0,52001170,520000780,0,0,0,0,0,1820002730,0,871026130,0,0,0,0,0,0,2392071760,4160006240,429012870,416012480,19508190,0,0,0,127438220,128738610,17420026130,260000390,520000780,0,0,0,0,13000390,0,2340003510,4680007020,0,0,0,11700017550,0,0,0,0,0,0,0,0,5980008970,7280010920,0,0,35880053820,0,0,0,260000390,0,0,0,0,0,10400015600,416006240,0,0,0,0,0,0,0,0,3380005070,6760010140,2080003120,0,0,0,5980008970,5980008970,6760010140,6760010140,5980008970,15860023790,3120004680,4680007020,17940026910,15600023400,10660015990,780001170,55120082680,0,36660054990,36660054990,N
s255,0.984,47325000000,34900000000,48075000000,45500068250,0,0,11440017160,0,0,0,13000910,0,1820002730,0,0,0,0,0,0,0,0,0,3380005070,0,0,0,0,0,0,314694380,314694380,44980067470,0,0,0,0,0,0,13000390,0,14560021840,12480018720,0,1820002730,0,0,0,0,0,17940026910,0,0,0,0,5980008970,8840013260,0,0,41340062010,0,0,0,0,0,0,0,0,0,260000390,130001950,0,0,0,0,0,0,0,0,260000390,3640005460,520000780,0,0,0,9100013650,9100013650,4940007410,7280010920,5980008970,11960017940,5980008970,0,32240048360,17420026130,4680007020,12480018720,54600081900,0,42640063960,42380063570,N
s256,2.489,11450000000,8350000000,4600000000,4420006630,0,0,6500009750,0,0,0,0,0,260000390,0,0,0,0,0,0,0,0,286008580,780001170,13000390,0,6502730,0,0,0,81924570,80624180,11700017550,1560002340,5980008970,0,0,260000390,0,143004290,0,2600003900,1040001560,0,0,0,0,0,0,0,1300001950,0,0,0,0,780001170,1040001560,0,0,4160006240,0,260000390,0,0,0,0,0,0,0,3380005070,312004680,0,0,3302099060,0,0,0,0,1040001560,4680007020,9100013650,8580012870,0,260000390,0,1300001950,1560002340,1040001560,1300001950,1040001560,2080003120,260000390,260000390,3900005850,1560002340,520000780,6500009750,6500009750,0,3900005850,4160006240,N
s257,2.346,7800000000,5775000000,3325000000,2860004290,0,0,4420006630,0,0,0,0,0,0,0,0,0,0,0,0,0,0,247007410,0,273008190,91002730,182076440,0,0,0,49414820,49414820,7020010530,4420006630,3900005850,0,0,260000390,0,143004290,0,1300001950,780001170,0,0,0,0,0,0,0,1040001560,0,0,0,0,780001170,520000780,0,0,3380005070,0,0,260000390,260000390,0,0,0,0,2340003510,30680046020,338005070,0,0,5317159510,0,0,0,0,2340003510,5460008190,7020010530,260000390,0,0,0,520000780,260000390,520000780,520000780,520000780,1040001560,520000780,260000390,2600003900,1300001950,520000780,4680007020,4160006240,0,2860004290,2600003900,N
s258,1.4,1225000000,900000000,875000000,780001170,0,0,520000780,0,0,0,0,0,0,0,0,0,0,0,0,0,0,0,0,0,0,0,0,0,0,7802340,9102730,1040001560,0,0,0,0,0,0,0,0,260000390,260000390,0,260000390,0,0,0,0,0,260000390,0,0,0,0,0,260000390,0,0,780001170,0,0,0,0,0,0,0,0,0,0,0,0,0,0,0,0,0,0,0,0,0,0,0,0,0,0,260000390,260000390,260000390,0,260000390,260000390,0,520000780,260000390,0,520000780,1300001950,0,780001170,1040001560,N
s261,0.633,9625000000,6925000000,15200000000,15340023010,0,0,1300001950,0,0,0,0,0,1040001560,0,234007020,0,0,0,0,0,0,2951088530,1300001950,494014820,429012870,71530030,0,0,0,63719110,62418720,9100013650,1040001560,780001170,0,0,0,0,0,0,1040001560,1820002730,0,0,0,4160006240,0,0,0,0,0,0,0,0,2860004290,2600003900,0,0,12480018720,0,0,0,0,0,0,0,0,0,22100033150,0,0,0,0,0,0,0,0,520000780,5460008190,8320012480,0,0,0,0,2600003900,2340003510,5460008190,5720008580,3380005070,5720008580,1300001950,0,8580012870,7280010920,5200007800,1300001950,25740038610,0,14560021840,14300021450,Y
s271,0.646,39250000000,28275000000,60800000000,55900083850,0,0,4160006240,0,0,0,0,0,1560002340,0,0,0,0,0,0,0,0,78002340,9880014820,0,0,0,0,0,0,253576050,253576050,36660054990,260000390,0,0,0,0,0,0,0,9360014040,9880014820,0,0,0,12220018330,0,0,0,0,0,0,0,0,9100013650,10660015990,0,0,54860082290,0,0,0,0,0,0,0,0,0,780001170,0,0,0,13000390,0,0,0,0,0,11960017940,33020049530,0,0,0,0,10920016380,14820022230,12220018330,11960017940,5980008970,16640024960,5720008580,0,31980047970,22880034320,13520020280,4160006240,76440114660,0,53040079560,53040079560,Y
s2710,0.583,16325000000,11725000000,28000000000,26000039000,0,0,1560002340,0,0,0,0,0,520000780,0,0,0,0,0,0,0,0,0,2080003120,13000390,0,0,0,0,0,105331590,106631980,15340023010,0,260000390,0,0,0,0,0,0,3640005460,4680007020,0,0,0,5200007800,0,0,0,0,0,0,0,0,4420006630,5460008190,0,0,26260039390,0,0,0,260000390,0,0,0,0,0,0,0,0,0,0,0,0,0,0,0,3640005460,8580012870,0,0,0,0,7280010920,7020010530,3380005070,2860004290,2080003120,6760010140,2860004290,0,13780020670,10140015210,5460008190,1560002340,31980047970,0,25740038610,25480038220,Y
s2711,0.645,39200000000,28250000000,60800000000,56680085020,0,0,4160006240,0,0,0,0,0,1820002730,0,0,0,0,0,0,0,0,91002730,10400015600,0,0,0,0,0,0,257477220,256176830,37440056160,0,0,0,0,0,0,0,0,9360014040,9880014820,0,0,0,12220018330,0,0,0,0,0,0,0,0,9360014040,10660015990,0,0,54600081900,0,0,0,0,0,0,0,0,0,520000780,0,0,0,13000390,0,0,0,0,0,11700017550,31720047580,0,0,0,0,10660015990,14040021060,11700017550,11700017550,5980008970,16380024570,5980008970,0,31980047970,22880034320,13260019890,4160006240,76700115050,0,53300079950,53560080340,Y
s2712,0.619,41625000000,29900000000,67250000000,63960095940,0,0,3640005460,0,0,0,0,0,1820002730,0,0,0,0,0,0,0,0,52001560,10140015210,0,0,0,0,0,0,266579950,266579950,38480057720,260000390,0,0,0,0,0,0,0,9620014430,11440017160,0,0,0,11960017940,0,0,0,0,0,0,0,0,8840013260,11700017550,0,0,59280088920,0,0,0,0,0,0,0,0,0,0,0,0,0,0,0,0,0,0,0,11960017940,35100052650,0,0,0,0,11960017940,17680026520,12220018330,12220018330,6240009360,19240028860,6240009360,0,35620053430,26000039000,14300021450,3900005850,85800128700,0,61100091650,61360092040,Y
s272,0.815,19550000000,14100000000,24000000000,23660035490,0,0,3640005460,0,0,0,0,0,1040001560,0,0,0,0,0,0,0,0,52001560,4160006240,0,0,0,0,0,0,124837440,124837440,18200027300,0,0,0,0,0,0,0,0,5200007800,4680007020,0,0,0,5720008580,0,0,0,0,0,0,0,0,4420006630,4420006630,0,0,22100033150,0,0,0,0,0,0,0,0,0,0,0,0,0,1430042900,0,0,0,0,0,7280010920,15860023790,0,0,0,0,4680007020,4940007410,5200007800,5200007800,2860004290,5460008190,3120004680,0,15600023400,9880014820,4940007410,3640005460,33280049920,0,23660035490,23660035490,Y
s273,0.792,21550000000,15550000000,27225000000,25740038610,0,0,3120004680,0,0,0,0,0,1040001560,0,0,0,0,0,0,0,0,13000390,3900005850,0,13000390,0,0,0,0,140442120,141742510,20280030420,0,0,0,0,0,0,0,0,6500009750,4940007410,0,0,0,7540011310,0,0,0,0,0,0,0,0,3640005460,5720008580,0,0,24180036270,0,0,0,0,0,0,0,0,0,520000780,0,0,0,1469044070,0,0,0,0,0,8060012090,17160025740,0,0,0,0,5200007800,4940007410,6240009360,5980008970,4680007020,7540011310,3120004680,0,16640024960,10660015990,5460008190,3380005070,36400054600,0,24440036660,24440036660,Y
s274,1.003,32125000000,23150000000,32025000000,30160045240,0,0,9100013650,0,0,0,0,0,1040001560,0,0,0,0,0,0,0,0,0,3640005460,0,0,0,0,0,0,209362790,208062400,30160045240,260000390,0,0,0,0,0,13000390,0,9360014040,8060012090,0,0,0,5980008970,0,0,0,0,0,0,0,0,4420006630,5980008970,0,0,28340042510,0,0,0,0,0,0,0,0,0,0,364005460,0,0,1456043680,0,0,0,0,0,4680007020,15860023790,520000780,0,260000390,0,7280010920,7540011310,4420006630,4680007020,2860004290,7540011310,3120004680,0,21320031980,11960017940,3640005460,8840013260,37440056160,0,28340042510,28340042510,Y
s275,0.593,800000000,575000000,1350000000,0,0,0,0,0,0,0,0,0,0,0,0,0,0,0,0,0,0,26000780,520000780,26000780,13000390,6502730,0,0,0,7802340,7802340,1300001950,0,0,0,0,0,0,0,0,0,520000780,0,0,0,520000780,0,0,0,0,0,0,0,0,520000780,520000780,0,0,2080003120,0,0,0,0,0,0,0,0,0,260000390,0,0,0,0,0,0,0,0,0,0,0,0,0,0,0,0,0,0,0,0,0,0,0,0,0,0,0,0,0,0,0,N
s276,0.401,42325000000,31175000000,105625000000,99840149760,0,0,260000390,0,0,0,0,0,1820002730,0,0,0,0,0,0,0,0,1118033540,12740019110,0,0,0,0,0,0,282184630,280884240,39780059670,0,0,0,0,0,0,13000390,0,2340003510,11180016770,0,260000390,0,17940026910,0,0,0,0,0,0,0,0,14560021840,17420026130,260000390,0,93600140400,260000390,0,0,0,0,0,0,0,0,3900005850,0,0,0,5720171600,0,0,0,0,0,22360033540,38220057330,0,0,0,0,23660035490,25740038610,15340023010,15340023010,6240009360,35620053430,5980008970,0,39520059280,37180055770,25740038610,780001170,126880190320,0,96720145080,96720145080,N
s277,0.335,12875000000,9275000000,38400000000,35880053820,0,0,0,0,0,0,572040040,0,0,0,0,0,0,0,0,0,0,0,3380005070,0,0,0,0,0,0,83224960,83224960,12220018330,0,0,0,0,0,0,0,0,1820002730,4160006240,0,0,0,0,0,0,0,0,0,0,0,0,0,12220018330,0,0,29640044460,0,0,260000390,18200027300,0,0,0,0,0,0,0,0,0,0,0,0,0,0,0,0,0,0,0,0,0,6240009360,4680007020,2860004290,2860004290,0,7280010920,11960017940,0,11960017940,10140015210,5980008970,0,35880053820,0,29900044850,30160045240,N
s278,0.912,37925000000,27575000000,41575000000,38740058110,0,0,6500009750,0,0,0,0,0,1300001950,0,0,0,0,0,0,0,0,13000390,4420006630,0,0,0,0,0,0,249674880,248374490,35620053430,0,0,0,0,0,0,0,0,12480018720,9100013650,0,1560002340,0,7540011310,0,0,0,0,0,0,0,0,6760010140,6760010140,0,0,40040060060,0,0,0,0,0,0,0,0,0,0,0,0,0,1469044070,0,0,0,0,0,7280010920,16900025350,0,0,0,0,8840013260,9620014430,5980008970,5720008580,4420006630,12220018330,3120004680,0,27300040950,14820022230,5720008580,8320012480,49140073710,0,38740058110,38220057330,Y
s279,1.034,30625000000,22025000000,29625000000,27820041730,0,0,4940007410,0,0,0,0,0,520000780,0,0,0,0,0,0,0,0,0,2080003120,13000390,0,0,0,0,0,198959670,198959670,28860043290,260000390,0,0,0,0,0,0,0,13000019500,6240009360,0,2860004290,0,5980008970,0,0,0,0,0,0,0,0,4680007020,4940007410,0,0,27300040950,0,0,0,0,0,0,0,0,0,260000390,0,0,0,0,0,0,0,0,0,3640005460,8320012480,0,0,0,0,7800011700,7800011700,2860004290,3120004680,2340003510,8060012090,1560002340,0,21320031980,8580012870,2340003510,7540011310,33280049920,0,27300040950,27300040950,Y
s281,0.611,35200000000,25725000000,57650000000,52780079170,0,0,2080003120,0,0,0,0,0,3380005070,0,0,0,0,0,0,0,0,13000390,10400015600,13000390,13000390,6502730,0,0,0,237971370,237971370,33800050700,0,0,0,0,0,0,13000390,0,6240009360,9620014430,0,0,0,0,0,0,0,18460027690,0,0,0,0,9100013650,12220018330,0,0,51220076830,260000390,0,0,260000390,0,0,0,0,0,260000390,182002730,0,0,117003510,0,0,0,0,0,1560002340,9360014040,260000390,0,0,0,9100013650,9360014040,14820022230,14560021840,11700017550,10920016380,8580012870,0,30420045630,24440036660,15340023010,2340003510,78780118170,0,49140073710,49400074100,N
s291,0.489,9775000000,7100000000,20000000000,18980028470,0,0,260000390,0,0,0,0,0,1040001560,0,429012870,0,0,0,0,0,0,1157034710,2080003120,208006240,195005850,13005460,0,0,0,63719110,65019500,9360014040,260000390,260000390,260000390,0,260000390,0,13000390,0,1040001560,2340003510,0,0,0,5720008580,0,0,0,0,0,0,0,0,2860004290,3640005460,0,0,19240028860,0,0,0,0,0,0,0,260000390,0,5200007800,208003120,0,0,0,0,0,0,0,0,1560002340,3120004680,780001170,0,0,0,2860004290,3120004680,3380005070,3380005070,2860004290,7540011310,1300001950,2340003510,8840013260,7800011700,5460008190,260000390,27300040950,0,18200027300,18200027300,Y
s292,0.605,7975000000,6025000000,13175000000,12740019110,0,0,520000780,0,0,0,0,0,260000390,0,442013260,221006630,0,0,0,0,0,1456043680,780001170,78002340,78002340,0,0,0,0,50715210,52015600,7800011700,260000390,260000390,0,0,0,0,0,0,1560002340,2340003510,0,0,0,4420006630,0,0,0,0,0,0,0,0,1820002730,2080003120,0,0,10140015210,0,0,0,0,0,0,0,0,0,2080003120,104001560,0,0,0,0,0,0,0,0,780001170,2340003510,520000780,0,0,0,2340003510,2340003510,2340003510,2600003900,1560002340,5980008970,780001170,1300001950,7020010530,5720008580,3120004680,260000390,18720028080,0,12480018720,12220018330,Y
s3110,0.454,10500000000,7800000000,23125000000,22880034320,0,52001170,1300001950,0,0,0,416029120,0,0,0,0,0,0,0,0,0,0,13000390,2860004290,0,0,0,0,0,0,63719110,66319890,9360014040,0,0,0,0,0,0,0,0,1040001560,3120004680,0,0,0,0,0,0,0,0,0,0,0,0,0,7540011310,0,0,19760029640,0,0,0,18720028080,2080003120,0,0,0,0,0,0,0,0,0,0,0,0,0,0,0,260000390,0,0,260000390,0,4940007410,1300001950,2600003900,2600003900,0,1300001950,7540011310,0,8580012870,7800011700,3900005850,1300001950,20540030810,0,20800031200,20280030420,N
s3111,0.245,1125000000,825000000,4600000000,4940007410,0,0,0,0,0,0,0,0,0,0,0,0,0,0,0,0,0,403012090,0,65001950,78002340,0,0,0,0,7802340,7802340,1040001560,0,0,0,0,0,0,0,0,0,260000390,0,0,0,780001170,0,0,0,0,0,0,0,0,0,0,0,0,2340003510,0,0,0,0,0,0,0,0,0,1820002730,0,0,0,0,0,0,0,0,0,0,0,0,0,0,0,1040001560,1040001560,520000780,520000780,0,520000780,260000390,0,1300001950,1300001950,780001170,0,3900005850,0,4680007020,4420006630,Y
s31111,0.38,8200000000,6175000000,21600000000,16640024960,0,0,0,0,0,0,0,0,260000390,0,0,0,0,0,0,0,0,0,2860004290,0,0,0,0,0,0,57217160,55916770,7800011700,0,0,0,0,0,0,0,0,0,1040001560,0,0,0,0,0,0,0,11700017550,0,0,0,0,3640005460,4940007410,0,0,20020030030,0,0,0,260000390,0,0,0,0,0,0,0,0,0,0,0,0,0,0,0,0,0,0,0,0,0,5980008970,5980008970,6240009360,6500009750,1040001560,1300001950,2340003510,1040001560,7800011700,7540011310,6500009750,0,28080042120,0,18200027300,17940026910,Y
s3112,1.003,25750000000,18975000000,25675000000,24180036270,0,0,8840013260,0,0,0,0,0,1560002340,0,0,0,0,0,0,0,0,13000390,3380005070,0,0,0,0,0,0,170351090,162548750,23660035490,260000390,0,0,0,0,0,0,0,5460008190,4940007410,0,520000780,0,0,0,0,0,5980008970,0,0,0,26000390,2860004290,5200007800,0,0,21580032370,0,0,0,0,0,0,0,0,0,0,208003120,0,0,0,0,0,0,0,0,260000390,2340003510,260000390,0,260000390,0,3120004680,3120004680,5720008580,6500009750,5980008970,1820002730,4420006630,0,14820022230,9100013650,3900005850,9100013650,30160045240,0,21320031980,21320031980,N
s3113,0.517,25675000000,18500000000,49625000000,46540069810,0,0,1560002340,0,0,0,0,0,0,0,0,0,0,0,0,0,0,507015210,2860004290,0,0,0,0,0,0,166449920,166449920,24180036270,0,0,0,0,0,0,0,0,8060012090,8840013260,0,260000390,0,5720008580,0,0,0,0,0,0,0,0,7800011700,10140015210,0,0,50700076050,0,0,0,0,0,0,0,0,0,1040001560,0,0,0,0,0,0,0,0,0,0,0,0,0,0,0,12220018330,12740019110,2860004290,2860004290,0,11960017940,3120004680,0,22360033540,14300021450,5720008580,1560002340,44980067470,0,50960076440,50960076440,Y
s313,0.624,18700000000,14100000000,29975000000,28340042510,0,0,2340003510,0,0,0,0,0,0,0,0,0,0,0,0,0,0,7501225030,520000780,325009750,260007800,58524570,0,0,0,127438220,115734710,16900025350,2860004290,520000780,0,0,0,0,0,0,4420006630,4160006240,0,0,0,14560021840,0,0,0,0,0,0,0,0,5460008190,5720008580,0,0,26000039000,0,0,0,0,0,0,0,0,0,34580051870,0,0,0,0,0,0,0,0,0,6500009750,9620014430,0,0,0,0,9100013650,8840013260,8060012090,7800011700,0,1040001560,2860004290,0,14560021840,10140015210,6240009360,3120004680,33800050700,0,26000039000,26260039390,N
s315,0.412,6925000000,5100000000,16800000000,16640024960,0,0,520000780,0,0,0,0,0,0,0,0,0,0,0,0,0,0,0,780001170,13000390,0,0,0,0,0,48114430,50715210,7020010530,0,0,0,0,0,0,0,0,2080003120,2340003510,0,0,0,1560002340,0,0,0,0,0,0,0,0,3120004680,2860004290,0,0,13000019500,0,0,0,0,0,0,0,0,0,260000390,0,0,0,0,0,0,0,0,0,0,260000390,0,0,0,0,2860004290,2860004290,780001170,780001170,0,2860004290,1560002340,0,5980008970,3900005850,1820002730,520000780,12480018720,0,15860023790,15860023790,Y
s318,0.274,6575000000,4750000000,24000000000,21840032760,0,0,0,0,0,0,0,0,0,0,0,0,0,0,0,0,0,0,1820002730,13000390,0,0,0,0,0,41612480,41612480,5980008970,0,0,0,0,0,0,0,0,260000390,1820002730,0,0,0,780001170,0,0,0,0,0,0,0,0,4420006630,5200007800,0,0,24960037440,260000390,0,0,0,0,0,0,0,0,0,0,0,0,0,0,0,0,0,0,0,0,0,0,0,0,3900005850,4680007020,1300001950,1560002340,0,4680007020,1300001950,0,5720008580,5200007800,3640005460,0,17420026130,0,21060031590,21060031590,Y
s319,0.728,25625000000,18400000000,35200000000,33020049530,0,0,4420006630,0,0,0,0,0,1820002730,0,0,0,0,0,0,0,0,13000390,4940007410,0,0,0,0,0,0,166449920,166449920,24180036270,0,0,0,0,0,0,52001560,0,9620014430,5980008970,260000390,0,0,11960017940,0,0,0,0,0,0,0,0,5720008580,5720008580,0,0,30160045240,0,0,0,260000390,0,0,0,0,0,0,1352020280,0,0,2925087750,0,0,0,0,260000390,7540011310,22360033540,3120004680,0,0,0,7280010920,6760010140,7540011310,7280010920,6240009360,780001170,2340003510,0,20020030030,10400015600,4420006630,4420006630,36140054210,0,31460047190,31720047580,Y
s321,1.908,67350000000,49875000000,35300000000,32760049140,0,0,32500048750,0,0,0,0,0,1820002730,0,0,0,0,0,0,0,0,13000390,8580012870,0,0,0,0,0,0,451235330,451235330,63440095160,0,0,0,0,0,0,13000390,0,18460027690,10140015210,0,0,0,0,0,0,0,12220018330,0,0,0,0,5980008970,5980008970,0,0,30420045630,0,0,0,0,0,0,260000390,0,0,0,0,0,0,0,0,0,0,0,0,0,5720008580,0,0,0,0,7540011310,7020010530,9360014040,11960017940,5980008970,780001170,5460008190,0,30680046020,11960017940,1820002730,31460047190,44720067080,0,30160045240,29640044460,N
s322,1.608,42400000000,31700000000,26375000000,24960037440,0,0,18720028080,13000910,0,0,0,0,780001170,0,0,0,0,0,0,0,0,0,5980008970,0,0,0,0,0,0,279583850,276983070,37960056940,0,0,0,0,0,0,0,0,12220018330,5720008580,0,0,0,0,0,0,0,11960017940,0,0,0,0,5200007800,5460008190,0,0,24180036270,260000390,0,260000390,0,0,0,0,0,0,260000390,0,0,0,0,0,0,0,0,0,1040001560,6760010140,0,0,0,0,6500009750,6500009750,5980008970,6500009750,3120004680,520000780,1820002730,1300001950,21060031590,8060012090,2340003510,19760029640,30680046020,0,24440036660,24440036660,N
s323,1.087,41750000000,30475000000,38400000000,35880053820,0,0,12480018720,0,0,0,0,0,1820002730,0,0,0,0,0,0,0,0,0,7020010530,0,0,0,0,0,0,274382290,279583850,39520059280,0,0,0,0,0,0,0,0,15080022620,6500009750,0,0,0,0,0,0,0,11960017940,0,0,0,0,5980008970,5980008970,0,0,32760049140,0,0,0,0,0,0,0,0,0,0,182002730,0,0,0,0,0,0,0,0,2080003120,8060012090,260000390,0,0,0,6240009360,7020010530,8060012090,9880014820,5980008970,2080003120,3900005850,0,26000039000,11180016770,4420006630,13260019890,42120063180,0,33280049920,32760049140,N
s3251,1.173,21650000000,15900000000,18450000000,17420026130,0,0,5460008190,0,0,0,0,0,1300001950,0,0,208006240,0,0,0,0,0,0,3640005460,0,0,0,0,0,0,144343290,141742510,20020030030,0,0,0,0,0,0,13000390,0,6500009750,4160006240,0,0,0,4420006630,0,0,0,0,0,0,0,0,3120004680,3900005850,0,0,16380024570,0,0,0,0,0,0,0,0,0,0,338005070,0,1495044850,13000390,0,0,0,0,0,5200007800,15860023790,520000780,0,0,0,1820002730,2600003900,5200007800,5460008190,4680007020,6500009750,1300001950,0,14300021450,7540011310,3640005460,6500009750,27300040950,0,16640024960,16640024960,Y
s331,0.312,5750000000,4400000000,18425000000,16640024960,0,0,0,52003640,0,0,195013650,0,0,0,0,0,0,0,0,0,0,13000390,780001170,0,13000390,0,0,0,0,40312090,40312090,5200007800,0,0,0,260000390,0,0,0,0,1300001950,2340003510,0,0,0,0,0,0,0,0,0,0,0,0,1040001560,3900005850,0,520000780,12480018720,780001170,0,0,8320012480,520000780,0,0,0,0,0,0,0,0,0,0,0,0,0,0,0,260000390,0,0,0,0,3380005070,2340003510,1040001560,1040001560,0,1820002730,4420006630,0,6240009360,4420006630,2080003120,0,12220018330,0,13000019500,13000019500,Y
s332,0.266,10225000000,7600000000,38425000000,36140054210,0,0,0,26001820,0,0,0,0,0,0,0,0,0,0,0,0,0,26000780,3380005070,13000390,0,0,0,0,0,72821840,70221060,10140015210,0,0,0,0,0,0,0,0,520000780,2860004290,0,0,0,0,0,0,0,0,0,0,0,0,6500009750,6240009360,0,0,31460047190,0,0,260000390,0,0,0,0,0,0,260000390,0,0,0,0,0,0,0,0,0,0,0,0,0,0,0,7800011700,2600003900,2600003900,2340003510,0,2600003900,8580012870,0,8840013260,8320012480,5720008580,0,29380044070,0,30160045240,30420045630,N
s341,0.233,9700000000,6925000000,41600000000,40040060060,0,0,0,0,0,0,0,0,1820002730,0,0,0,0,0,0,0,0,13000390,3380005070,0,0,0,0,0,0,65019500,66319890,9360014040,0,0,0,0,0,0,13000390,0,0,0,0,0,0,0,0,0,0,0,0,0,0,0,5460008190,7800011700,0,0,33540050310,0,0,0,0,0,0,0,0,0,0,104001560,0,0,0,0,0,0,0,0,260000390,2600003900,520000780,0,0,0,8060012090,5460008190,5980008970,6500009750,6240009360,3900005850,7540011310,0,9360014040,9360014040,9100013650,0,43160064740,0,36920055380,37180055770,N
s342,0.235,11275000000,8300000000,48000000000,43420065130,0,0,0,0,0,0,0,0,1560002340,0,0,0,0,0,0,0,0,13000390,7020010530,0,0,0,0,0,0,74122230,74122230,10400015600,0,0,0,0,0,0,0,0,0,520000780,0,0,0,0,0,0,0,0,0,0,0,0,6500009750,9620014430,0,0,44720067080,0,0,0,260000390,0,0,0,0,0,0,0,0,0,0,0,0,0,0,0,520000780,4160006240,0,0,0,0,7280010920,4940007410,8840013260,8580012870,5980008970,3640005460,7280010920,0,10140015210,10140015210,9880014820,260000390,46020069030,0,40560060840,40560060840,N
s343,1.079,4450000000,3350000000,4125000000,3900005850,0,0,2340003510,0,0,0,0,0,260000390,0,0,0,0,0,0,0,0,0,0,585017550,221006630,370655610,0,0,0,32509750,32509750,4420006630,2080003120,2080003120,0,0,520000780,13000390,0,0,1040001560,520000780,0,0,0,0,0,0,0,0,0,0,0,0,520000780,520000780,0,0,3120004680,0,0,0,0,0,0,0,0,3120004680,38740058110,26000390,0,0,26000780,0,0,0,0,1300001950,4160006240,4420006630,260000390,0,0,0,3640005460,520000780,780001170,780001170,3640005460,520000780,780001170,0,2080003120,1040001560,520000780,2080003120,4420006630,0,3640005460,3900005850,N
s351,0.303,43475000000,31525000000,143350000000,134160201240,0,0,1300001950,0,0,0,0,0,5460008190,0,2067062010,1040031200,0,0,0,0,0,8775263250,12220018330,1040031200,1001030030,39016380,0,0,0,284785410,280884240,39780059670,780001170,0,0,0,0,0,26000780,0,2340003510,4940007410,0,0,0,19500029250,0,0,0,19240028860,0,0,0,26000390,19240028860,24180036270,0,0,124800187200,0,0,0,0,0,0,0,0,0,33020049530,0,0,0,13000390,0,0,0,0,260000390,10140015210,20280030420,0,0,0,0,25220037830,25480038220,24700037050,24440036660,18980028470,16640024960,21320031980,7540011310,39520059280,37440056160,32500048750,1040001560,153140229710,0,125060187590,124540186810,Y
s352,0.368,41450000000,30550000000,112675000000,104780157170,0,0,3380005070,0,0,0,0,0,0,0,2054061620,0,0,0,0,0,0,1235037050,20800031200,13000390,0,0,0,0,0,280884240,279583850,39780059670,780001170,0,0,0,0,0,0,0,5720008580,7280010920,0,0,0,19760029640,0,0,0,19760029640,0,0,0,0,12220018330,26520039780,0,0,96720145080,0,0,0,0,0,0,260000390,0,0,5200007800,0,0,0,0,0,0,0,0,0,9620014430,18460027690,0,0,260000390,0,21320031980,21320031980,19240028860,18980028470,0,10140015210,18460027690,0,34840052260,29120043680,22360033540,3120004680,104260156390,0,94900142350,95160142740,Y
s353,0.36,12900000000,9700000000,35850000000,34580051870,0,0,0,0,0,0,0,0,1820002730,0,0,0,0,0,0,0,0,26000780,10400015600,0,0,0,0,0,0,87126130,85825740,11440017160,0,0,0,0,0,0,0,0,260000390,780001170,0,0,0,0,0,0,0,11180016770,0,0,0,0,4160006240,7020010530,0,0,30420045630,0,0,0,260000390,0,0,0,0,0,0,0,0,0,0,0,0,0,0,0,2860004290,9620014430,0,0,0,0,6240009360,6240009360,12220018330,12480018720,5980008970,780001170,1820002730,0,12480018720,12480018720,11440017160,0,46020069030,0,33540050310,33540050310,Y
s4112,0.274,13150000000,9975000000,47975000000,44460066690,0,0,260000390,0,0,0,0,0,1820002730,0,0,0,0,0,0,0,0,312009360,10400015600,104003120,104003120,6502730,0,0,0,93628080,91027300,12480018720,260000390,0,0,0,0,0,0,0,0,1300001950,0,0,0,0,0,0,0,11960017940,0,0,0,0,7540011310,9100013650,0,0,42120063180,0,0,0,260000390,0,0,0,0,0,1820002730,0,0,0,0,0,0,0,0,0,2600003900,8840013260,0,0,0,0,6500009750,6500009750,11960017940,11960017940,5980008970,3900005850,4940007410,0,11960017940,11960017940,10920016380,260000390,50960076440,0,41860062790,41340062010,Y
s4113,0.392,13175000000,9650000000,33600000000,29900044850,0,0,0,0,0,0,0,0,1560002340,0,0,0,0,0,0,0,0,260007800,9620014430,39001170,26000780,0,0,0,0,87126130,89726910,12480018720,0,0,0,0,0,0,26000780,0,0,2340003510,0,0,0,0,0,0,0,6240009360,0,0,0,0,7020010530,7800011700,0,0,31200046800,0,0,0,0,0,0,0,0,0,1040001560,338005070,0,0,0,0,0,0,0,0,4680007020,9100013650,780001170,0,0,0,3120004680,3120004680,11960017940,11700017550,5980008970,4160006240,1560002340,0,11700017550,11440017160,9100013650,0,39520059280,0,28340042510,28340042510,Y
s4114,0.342,17500000000,13075000000,51175000000,49920074880,0,0,520000780,0,0,0,0,0,1820002730,0,0,0,0,0,0,0,0,858025740,13260019890,221006630,169005070,58524570,0,0,0,115734710,114434320,16120024180,260000390,260000390,0,0,0,0,26000780,0,780001170,1820002730,0,0,0,0,0,0,0,11700017550,0,0,0,0,8580012870,8580012870,0,0,46020069030,0,0,0,0,0,0,0,0,0,5460008190,338005070,0,0,741022230,0,0,0,0,0,4940007410,13000019500,520000780,0,260000390,0,7800011700,7280010920,12220018330,12480018720,5980008970,6240009360,9100013650,5980008970,16640024960,16120024180,14040021060,520000780,66560099840,0,49140073710,49400074100,N
s4115,0.314,13075000000,9575000000,41625000000,36920055380,0,0,0,0,0,0,0,0,0,0,0,0,0,0,0,0,0,325009750,9360014040,117003510,104003120,6502730,0,0,0,89726910,92327690,13000019500,0,0,0,0,0,0,0,0,260000390,2340003510,0,0,0,0,0,0,0,12740019110,0,0,0,0,6500009750,9620014430,0,0,38220057330,0,0,0,0,0,0,0,0,0,1820002730,0,0,0,0,0,0,0,0,0,2600003900,8580012870,0,0,0,0,6240009360,5980008970,8580012870,8580012870,0,3120004680,5460008190,0,11700017550,11180016770,9620014430,0,37180055770,0,34320051480,34320051480,Y
s4116,0.308,10325000000,7750000000,33550000000,33280049920,0,52001170,0,0,0,0,0,0,0,0,0,0,0,0,0,0,0,0,7800011700,0,0,0,0,0,0,66319890,65019500,9100013650,0,0,0,0,0,0,0,0,260000390,3120004680,0,0,0,0,0,0,0,9100013650,0,0,0,0,4680007020,7020010530,0,260000390,28340042510,260000390,0,260000390,260000390,0,0,0,260000390,0,0,0,0,0,0,0,0,0,0,0,0,0,0,0,0,0,4940007410,5200007800,7800011700,7540011310,260000390,2860004290,5200007800,0,10140015210,10140015210,6240009360,260000390,33540050310,0,30940046410,30420045630,Y
s4117,0.313,13025000000,9725000000,41625000000,36920055380,0,0,0,0,0,0,0,0,1560002340,0,0,0,0,0,0,0,0,65001950,10400015600,0,13000390,0,0,0,0,89726910,91027300,12740019110,0,0,0,0,0,0,39001170,0,0,260000390,0,0,0,0,0,0,0,12220018330,0,0,0,0,6240009360,7800011700,0,0,36920055380,0,0,0,0,0,0,0,0,0,260000390,338005070,0,0,650019500,0,0,0,0,0,2600003900,9100013650,780001170,0,0,0,6500009750,8320012480,11440017160,11440017160,5460008190,2860004290,5460008190,0,11440017160,11180016770,11180016770,0,50960076440,0,34060051090,34060051090,Y
